{
  "description": "The best resource available on the Internet for Video sharing.",
  "author": "Andreas Smas",
  "title": "Youtube",
  "synopsis": "Youtube: Broadcast Yourself",
  "version": "5.0.14",
  "file": "youtube.js",
  "showtimeVersion": "5.0.462",
  "type": "ecmascript",
  "id": "youtube",
  "icon": "logo.png",
  "category": "video",
  "apiversion": 2,
  "control": {
    "uriprefixes": ["youtube:",
                    "http://www.youtube.com/",
                    "https://www.youtube.com/",
                    "http://youtube.com/",
                    "https://youtube.com/",
                    "http://youtu.be/",
                    "https://youtu.be/"]
  }
}
